epoch,lr,target_pos_x,target_pos_y,total,contrast,signal,noise,snr,trajectory_length,trajectory_penalty,jerk,jerk_penalty
0,0.001,0.05,0.05,6.686518669128418,6.547074794769287,0.0004907658440060914,0.0006426292820833623,0.7636723518371582,0.13944366574287415,0.13944366574287415,2.1890107504418665e-08,2.1890107504418665e-08
1,0.001,0.05,0.05,6.201222896575928,6.063326835632324,0.000524462724570185,0.0006360099068842828,0.8246011137962341,0.13789597153663635,0.13789597153663635,1.508501767943926e-08,1.508501767943926e-08
2,0.001,0.05,0.05,5.806093215942383,5.668954849243164,0.0005611839005723596,0.0006362766143865883,0.8819671273231506,0.13713839650154114,0.13713839650154114,1.290653361962768e-08,1.290653361962768e-08
3,0.001,0.05,0.05,5.404600143432617,5.26736307144165,0.0006076788995414972,0.0006401836290024221,0.949211061000824,0.137237086892128,0.137237086892128,1.2842580332517173e-08,1.2842580332517173e-08
4,0.001,0.05,0.05,5.023575782775879,4.885467052459717,0.0006621513166464865,0.0006469934596680105,1.0234123468399048,0.1381087601184845,0.1381087601184845,1.434992569215865e-08,1.434992569215865e-08
5,0.001,0.05,0.05,4.729604721069336,4.5900444984436035,0.0007163191330619156,0.0006575965671800077,1.0892821550369263,0.1395600289106369,0.1395600289106369,1.7298237509066894e-08,1.7298237509066894e-08
6,0.001,0.05,0.05,4.523519039154053,4.382430076599121,0.0007721322472207248,0.0006767719169147313,1.1408878564834595,0.14108878374099731,0.14108878374099731,2.210660099422057e-08,2.210660099422057e-08
7,0.001,0.05,0.05,4.321375846862793,4.17903470993042,0.0008456571958959103,0.0007068145205266774,1.1964174509048462,0.14234137535095215,0.14234137535095215,2.914723040703393e-08,2.914723040703393e-08
8,0.001,0.05,0.05,4.071804523468018,3.928367853164673,0.0009464490576647222,0.0007436078740283847,1.272762656211853,0.14343689382076263,0.14343689382076263,3.852957419780978e-08,3.852957419780978e-08
9,0.001,0.05,0.05,3.760570764541626,3.6156973838806152,0.0010799005394801497,0.0007809259695932269,1.3828284740447998,0.14487336575984955,0.14487336575984955,5.083778376047121e-08,5.083778376047121e-08
10,0.001,0.05,0.05,3.388899326324463,3.241548776626587,0.0012455078540369868,0.0008074814104475081,1.5424410104751587,0.14735066890716553,0.14735066890716553,6.660799556357233e-08,6.660799556357233e-08
11,0.001,0.05,0.05,2.991670608520508,2.839743137359619,0.0014230468077585101,0.0008082232088781893,1.760688304901123,0.15192756056785583,0.15192756056785583,8.596936140747857e-08,8.596936140747857e-08
12,0.001,0.05,0.05,2.6860389709472656,2.527677536010742,0.001552777481265366,0.0007849892135709524,1.978062391281128,0.15836146473884583,0.15836146473884583,1.0816090423304558e-07,1.0816090423304558e-07
13,0.001,0.05,0.05,2.6073973178863525,2.4425010681152344,0.001567165250889957,0.0007655654335394502,2.04704213142395,0.16489610075950623,0.16489610075950623,1.2980314068045118e-07,1.2980314068045118e-07
14,0.001,0.05,0.05,2.7050681114196777,2.535750389099121,0.0015108238440006971,0.0007662195130251348,1.971764087677002,0.1693175733089447,0.1693175733089447,1.4497663869406097e-07,1.4497663869406097e-07
15,0.001,0.05,0.05,2.8046298027038574,2.6330904960632324,0.0014764356892555952,0.0007775230915285647,1.8988717794418335,0.17153911292552948,0.17153911292552948,1.540821870094078e-07,1.540821870094078e-07
16,0.001,0.05,0.05,2.8173365592956543,2.64496111869812,0.001490914379246533,0.0007886874373070896,1.8903502225875854,0.17237511277198792,0.17237511277198792,1.591788247878867e-07,1.591788247878867e-07
17,0.001,0.05,0.05,2.7582433223724365,2.585010051727295,0.0015350185567513108,0.0007936128531582654,1.9341914653778076,0.1732330471277237,0.1732330471277237,1.616803615434037e-07,1.616803615434037e-07
18,0.001,0.05,0.05,2.6665172576904297,2.4927048683166504,0.001593446359038353,0.0007944033131934702,2.005815267562866,0.17381218075752258,0.17381218075752258,1.6214228537592135e-07,1.6214228537592135e-07
19,0.001,0.05,0.05,2.585721015930176,2.4120962619781494,0.0016513392329216003,0.0007966426783241332,2.0728471279144287,0.17362457513809204,0.17362457513809204,1.6149486725680617e-07,1.6149486725680617e-07
20,0.001,0.05,0.05,2.522193431854248,2.348909854888916,0.001697939820587635,0.0007976662018336356,2.128607749938965,0.17328330874443054,0.17328330874443054,1.6135044234033558e-07,1.6135044234033558e-07
21,0.001,0.05,0.05,2.4546821117401123,2.2810823917388916,0.001743716187775135,0.0007955166511237621,2.191901683807373,0.17359939217567444,0.17359939217567444,1.6363925681162073e-07,1.6363925681162073e-07
22,0.001,0.05,0.05,2.385699510574341,2.2109689712524414,0.0017964792205020785,0.0007943963864818215,2.261410713195801,0.17473027110099792,0.17473027110099792,1.6970339800082002e-07,1.6970339800082002e-07
23,0.001,0.05,0.05,2.3594064712524414,2.182701587677002,0.0018187653040513396,0.0007939687930047512,2.2906975746154785,0.1767047494649887,0.1767047494649887,1.799127176127513e-07,1.799127176127513e-07
24,0.001,0.05,0.05,2.3639070987701416,2.1848514080047607,0.0017926018917933106,0.0007833181298337877,2.288443088531494,0.1790555715560913,0.1790555715560913,1.9237617721046263e-07,1.9237617721046263e-07
25,0.001,0.05,0.05,2.3618571758270264,2.1802165508270264,0.0017575377132743597,0.0007663669530302286,2.293307065963745,0.18164050579071045,0.18164050579071045,2.068508990760165e-07,2.068508990760165e-07
26,0.001,0.05,0.05,2.358381986618042,2.174032688140869,0.0017229004297405481,0.0007491327705793083,2.2998292446136475,0.18434900045394897,0.18434900045394897,2.2283884959506395e-07,2.2283884959506395e-07
27,0.001,0.05,0.05,2.35544490814209,2.1685292720794678,0.0017044206615537405,0.0007392215193249285,2.3056654930114746,0.18691539764404297,0.18691539764404297,2.3874423504821607e-07,2.3874423504821607e-07
28,0.001,0.05,0.05,2.347806453704834,2.158822774887085,0.00171288987621665,0.0007395694265142083,2.3160324096679688,0.18898354470729828,0.18898354470729828,2.524255364733108e-07,2.524255364733108e-07
29,0.001,0.05,0.05,2.3452415466308594,2.1562352180480957,0.001746650319546461,0.0007532421150244772,2.318812370300293,0.18900606036186218,0.18900606036186218,2.5830706817941973e-07,2.5830706817941973e-07
30,0.001,0.05,0.05,2.333988904953003,2.1476492881774902,0.0017960867844522,0.0007714772364124656,2.3280835151672363,0.18633940815925598,0.18633940815925598,2.5405225301255996e-07,2.5405225301255996e-07
31,0.001,0.05,0.05,2.3200433254241943,2.1383304595947266,0.0018394960789009929,0.0007866943487897515,2.3382303714752197,0.18171262741088867,0.18171262741088867,2.4156685185516835e-07,2.4156685185516835e-07
32,0.001,0.05,0.05,2.3147008419036865,2.1384642124176025,0.0018724978435784578,0.0008008582517504692,2.3380846977233887,0.1762363612651825,0.1762363612651825,2.2374300101546396e-07,2.2374300101546396e-07
33,0.001,0.05,0.05,2.3034932613372803,2.131563663482666,0.0019070437410846353,0.0008130013011395931,2.3456547260284424,0.17192943394184113,0.17192943394184113,2.0849888926477433e-07,2.0849888926477433e-07
34,0.001,0.05,0.05,2.2891252040863037,2.119919776916504,0.0019289667252451181,0.0008178551215678453,2.358538866043091,0.16920524835586548,0.16920524835586548,1.9720083344054729e-07,1.9720083344054729e-07
35,0.001,0.05,0.05,2.276102066040039,2.1083197593688965,0.0019244651775807142,0.0008114817901514471,2.3715152740478516,0.16778208315372467,0.16778208315372467,1.8938231960419216e-07,1.8938231960419216e-07
36,0.001,0.05,0.05,2.2645647525787354,2.097712993621826,0.0019017258891835809,0.0007978591602295637,2.3835058212280273,0.1668514907360077,0.1668514907360077,1.8394445078229182e-07,1.8394445078229182e-07
37,0.001,0.05,0.05,2.256455659866333,2.090884208679199,0.001885635545477271,0.0007885333034209907,2.391289710998535,0.16557131707668304,0.16557131707668304,1.7909367500124063e-07,1.7909367500124063e-07
38,0.001,0.05,0.05,2.251703977584839,2.088127374649048,0.0018853689543902874,0.0007873822469264269,2.394446849822998,0.16357624530792236,0.16357624530792236,1.7323037582173129e-07,1.7323037582173129e-07
39,0.001,0.05,0.05,2.25250506401062,2.0912857055664062,0.0018888049526140094,0.0007900103810243309,2.3908305168151855,0.1612190306186676,0.1612190306186676,1.6678143310855376e-07,1.6678143310855376e-07
40,0.001,0.05,0.05,2.2509169578552246,2.091498851776123,0.0018939485307782888,0.0007922424119897187,2.390587329864502,0.15941782295703888,0.15941782295703888,1.6210702824537293e-07,1.6210702824537293e-07
41,0.001,0.05,0.05,2.2491116523742676,2.090543508529663,0.0018962743924930692,0.000792853010352701,2.3916797637939453,0.15856800973415375,0.15856800973415375,1.6043689754496882e-07,1.6043689754496882e-07
42,0.001,0.05,0.05,2.2451887130737305,2.0864548683166504,0.0019009805982932448,0.0007932661683298647,2.396366596221924,0.15873359143733978,0.15873359143733978,1.6220676002376422e-07,1.6220676002376422e-07
43,0.001,0.05,0.05,2.238173246383667,2.0787904262542725,0.0019138767383992672,0.000795713858678937,2.4052021503448486,0.15938250720500946,0.15938250720500946,1.663404418650316e-07,1.663404418650316e-07
44,0.001,0.05,0.05,2.2328007221221924,2.073012113571167,0.0019241372356191278,0.0007977561326697469,2.4119062423706055,0.1597883105278015,0.1597883105278015,1.707139887230369e-07,1.707139887230369e-07
45,0.001,0.05,0.05,2.224254846572876,2.0642852783203125,0.0019316939869895577,0.0007975175976753235,2.422102928161621,0.1599692404270172,0.1599692404270172,1.753990375163994e-07,1.753990375163994e-07
46,0.001,0.05,0.05,2.2171692848205566,2.057347536087036,0.0019430514657869935,0.0007995105115696788,2.4302709102630615,0.15982158482074738,0.15982158482074738,1.8021134451373655e-07,1.8021134451373655e-07
47,0.001,0.05,0.05,2.213038206100464,2.0543630123138428,0.0019627041183412075,0.0008064254652708769,2.4338018894195557,0.158674955368042,0.158674955368042,1.8253498978992866e-07,1.8253498978992866e-07
48,0.001,0.05,0.05,2.20991587638855,2.0538461208343506,0.0019883583299815655,0.0008167605265043676,2.434414863586426,0.1560695767402649,0.1560695767402649,1.8000432078224549e-07,1.8000432078224549e-07
49,0.001,0.05,0.05,2.2079038619995117,2.055103302001953,0.0020153839141130447,0.000828368472866714,2.4329264163970947,0.1528003066778183,0.1528003066778183,1.7434743426747445e-07,1.7434743426747445e-07
50,0.001,0.05,0.05,2.2041189670562744,2.054234027862549,0.002037795726209879,0.0008372260490432382,2.4339559078216553,0.14988477528095245,0.14988477528095245,1.6812361991469515e-07,1.6812361991469515e-07
51,0.001,0.05,0.05,2.202418088912964,2.0554161071777344,0.0020558687392622232,0.0008451372850686312,2.432556629180908,0.14700162410736084,0.14700162410736084,1.603837915808981e-07,1.603837915808981e-07
52,0.001,0.05,0.05,2.2007036209106445,2.057140827178955,0.0020756598096340895,0.000853989040479064,2.4305176734924316,0.14356249570846558,0.14356249570846558,1.4994077446317533e-07,1.4994077446317533e-07
53,0.001,0.05,0.05,2.198162078857422,2.058265447616577,0.00209398684091866,0.0008620002772659063,2.429190158843994,0.1398964822292328,0.1398964822292328,1.3846199919953506e-07,1.3846199919953506e-07
54,0.001,0.05,0.05,2.195089101791382,2.0585951805114746,0.0021050642244517803,0.0008666991489008069,2.4288010597229004,0.13649365305900574,0.13649365305900574,1.278964418816031e-07,1.278964418816031e-07
55,0.001,0.05,0.05,2.1918442249298096,2.058198928833008,0.002109292196109891,0.0008682727348059416,2.4292688369750977,0.13364526629447937,0.13364526629447937,1.1919465237042459e-07,1.1919465237042459e-07
56,0.001,0.05,0.05,2.1889700889587402,2.0578856468200684,0.002109694294631481,0.0008683060295879841,2.429638624191284,0.13108447194099426,0.13108447194099426,1.1163547242176719e-07,1.1163547242176719e-07
57,0.001,0.05,0.05,2.1826250553131104,2.0540883541107178,0.002113185590133071,0.0008681381004862487,2.4341301918029785,0.12853674590587616,0.12853674590587616,1.0485393886483507e-07,1.0485393886483507e-07
58,0.001,0.05,0.05,2.174358606338501,2.0479252338409424,0.0021206641104072332,0.0008685963694006205,2.441455841064453,0.12643328309059143,0.12643328309059143,1.0071192235727722e-07,1.0071192235727722e-07
59,0.001,0.05,0.05,2.1689815521240234,2.0434460639953613,0.002126086503267288,0.0008689126698300242,2.446807384490967,0.12553545832633972,0.12553545832633972,1.0082567314384505e-07,1.0082567314384505e-07
60,0.001,0.05,0.05,2.1679015159606934,2.041853427886963,0.0021277519408613443,0.0008689155802130699,2.448715925216675,0.12604811787605286,0.12604811787605286,1.0434868613629078e-07,1.0434868613629078e-07
61,0.001,0.05,0.05,2.167191505432129,2.0401690006256104,0.0021333065815269947,0.0008704653009772301,2.450737714767456,0.12702259421348572,0.12702259421348572,1.0830650865045754e-07,1.0830650865045754e-07
62,0.001,0.05,0.05,2.165041208267212,2.03755259513855,0.002146649407222867,0.0008747862884774804,2.4538848400115967,0.12748859822750092,0.12748859822750092,1.1072653194332815e-07,1.1072653194332815e-07
63,0.001,0.05,0.05,2.1620900630950928,2.0346155166625977,0.0021642015781253576,0.000880667706951499,2.457427501678467,0.1274745762348175,0.1274745762348175,1.1201040450714572e-07,1.1201040450714572e-07
64,0.001,0.05,0.05,2.1600332260131836,2.0325522422790527,0.0021804231218993664,0.0008863689145073295,2.4599220752716064,0.12748104333877563,0.12748104333877563,1.1343845329747637e-07,1.1343845329747637e-07
65,0.001,0.05,0.05,2.1590964794158936,2.0311098098754883,0.0021916525438427925,0.0008903014822863042,2.461669445037842,0.1279866099357605,0.1279866099357605,1.1576668157431413e-07,1.1576668157431413e-07
66,0.001,0.05,0.05,2.156947612762451,2.027742862701416,0.002200225368142128,0.0008923023124225438,2.465756893157959,0.12920480966567993,0.12920480966567993,1.191646532561208e-07,1.191646532561208e-07
67,0.001,0.05,0.05,2.1555774211883545,2.024932861328125,0.0022021939512342215,0.0008918630774132907,2.4691786766052246,0.13064438104629517,0.13064438104629517,1.2252739622908848e-07,1.2252739622908848e-07
68,0.001,0.05,0.05,2.155977964401245,2.023735761642456,0.002197721041738987,0.000889525399543345,2.470639228820801,0.13224196434020996,0.13224196434020996,1.2631883805624966e-07,1.2631883805624966e-07
69,0.001,0.05,0.05,2.15622878074646,2.022528648376465,0.0021936495322734118,0.0008873478509485722,2.472113609313965,0.1336999237537384,0.1336999237537384,1.3009007204800582e-07,1.3009007204800582e-07
70,0.001,0.05,0.05,2.1559340953826904,2.021890640258789,0.0021952774841338396,0.0008877262589521706,2.472893714904785,0.13404330611228943,0.13404330611228943,1.310937562948311e-07,1.310937562948311e-07
71,0.001,0.05,0.05,2.154797077178955,2.021589517593384,0.00220395321957767,0.0008911017794162035,2.473262310028076,0.1332072913646698,0.1332072913646698,1.2895699796899862e-07,1.2895699796899862e-07
72,0.001,0.05,0.05,2.1535234451293945,2.0216269493103027,0.002216730499640107,0.0008962844731286168,2.4732167720794678,0.13189630210399628,0.13189630210399628,1.256661903425993e-07,1.256661903425993e-07
73,0.001,0.05,0.05,2.151695489883423,2.0210788249969482,0.002231188816949725,0.0009018857963383198,2.4738874435424805,0.13061636686325073,0.13061636686325073,1.2266205828836974e-07,1.2266205828836974e-07
74,0.001,0.05,0.05,2.1498589515686035,2.0206782817840576,0.002243409166112542,0.0009066457278095186,2.4743781089782715,0.12918052077293396,0.12918052077293396,1.193307781477415e-07,1.193307781477415e-07
75,0.001,0.05,0.05,2.1490395069122314,2.021221160888672,0.0022496923338621855,0.0009094291599467397,2.4737138748168945,0.12781834602355957,0.12781834602355957,1.1632349838919254e-07,1.1632349838919254e-07
76,0.001,0.05,0.05,2.1481986045837402,2.0213232040405273,0.0022494427394121885,0.0009093742119148374,2.4735889434814453,0.1268754005432129,0.1268754005432129,1.147056067907215e-07,1.147056067907215e-07
77,0.001,0.05,0.05,2.1470324993133545,2.0209476947784424,0.0022435905411839485,0.000906839850358665,2.474048614501953,0.1260848194360733,0.1260848194360733,1.1363373175754532e-07,1.1363373175754532e-07
78,0.001,0.05,0.05,2.145277261734009,2.0200304985046387,0.0022354223765432835,0.0009031283552758396,2.4751715660095215,0.1252467781305313,0.1252467781305313,1.1252371479031353e-07,1.1252371479031353e-07
79,0.001,0.05,0.05,2.14375901222229,2.018864393234253,0.002229204634204507,0.000900096376426518,2.4766013622283936,0.1248946338891983,0.1248946338891983,1.1282448753036078e-07,1.1282448753036078e-07
80,0.001,0.05,0.05,2.142660140991211,2.0177602767944336,0.0022281515412032604,0.0008991791983135045,2.4779562950134277,0.12489975243806839,0.12489975243806839,1.1407118449824338e-07,1.1407118449824338e-07
81,0.001,0.05,0.05,2.1414377689361572,2.0167415142059326,0.0022330759093165398,0.0009007113985717297,2.47920823097229,0.12469635903835297,0.12469635903835297,1.1466042337815452e-07,1.1466042337815452e-07
82,0.001,0.05,0.05,2.140380859375,2.0160908699035645,0.002242868300527334,0.0009043692843988538,2.480008363723755,0.12428992986679077,0.12428992986679077,1.1475148653516953e-07,1.1475148653516953e-07
83,0.001,0.05,0.05,2.1396961212158203,2.0158472061157227,0.0022552572190761566,0.0009092548862099648,2.4803082942962646,0.12384894490242004,0.12384894490242004,1.1484354445201461e-07,1.1484354445201461e-07
84,0.001,0.05,0.05,2.139338254928589,2.0162665843963623,0.0022661546245217323,0.0009138383902609348,2.479792833328247,0.12307162582874298,0.12307162582874298,1.1393286314387296e-07,1.1393286314387296e-07
85,0.001,0.05,0.05,2.138916015625,2.016984224319458,0.0022738140542060137,0.000917253433726728,2.4789106845855713,0.12193169444799423,0.12193169444799423,1.1164338786784356e-07,1.1164338786784356e-07
86,0.001,0.05,0.05,2.138432025909424,2.0175278186798096,0.0022792245727032423,0.0009196838364005089,2.4782426357269287,0.1209041178226471,0.1209041178226471,1.0898627067490452e-07,1.0898627067490452e-07
87,0.001,0.05,0.05,2.1381092071533203,2.0180749893188477,0.002283444395288825,0.0009216364123858511,2.4775710105895996,0.12003427743911743,0.12003427743911743,1.0626155244608526e-07,1.0626155244608526e-07
88,0.001,0.05,0.05,2.137923240661621,2.018759250640869,0.002288395306095481,0.0009239478968083858,2.476731061935425,0.11916400492191315,0.11916400492191315,1.0356804835964795e-07,1.0356804835964795e-07
89,0.001,0.05,0.05,2.1378633975982666,2.019096612930298,0.0022954693995416164,0.0009269589208997786,2.4763174057006836,0.11876669526100159,0.11876669526100159,1.0226968072402087e-07,1.0226968072402087e-07
90,0.001,0.05,0.05,2.137953519821167,2.019412040710449,0.0023048382718116045,0.0009308875887654722,2.47593092918396,0.118541419506073,0.118541419506073,1.0177276266176705e-07,1.0177276266176705e-07
91,0.001,0.05,0.05,2.137883424758911,2.019855499267578,0.002316536847501993,0.0009358178940601647,2.4753875732421875,0.11802783608436584,0.11802783608436584,1.009443479915717e-07,1.009443479915717e-07
92,0.001,0.05,0.05,2.1377201080322266,2.0201447010040283,0.002328840782865882,0.0009409231715835631,2.4750330448150635,0.11757530272006989,0.11757530272006989,1.0037955178177072e-07,1.0037955178177072e-07
93,0.001,0.05,0.05,2.137603998184204,2.0205016136169434,0.002339479047805071,0.0009453882812522352,2.4745962619781494,0.11710243672132492,0.11710243672132492,9.974743164775646e-08,9.974743164775646e-08
94,0.001,0.05,0.05,2.1375021934509277,2.0210628509521484,0.0023473193868994713,0.0009488200303167105,2.4739091396331787,0.11643926799297333,0.11643926799297333,9.856523774942616e-08,9.856523774942616e-08
95,0.001,0.05,0.05,2.1373043060302734,2.021184206008911,0.0023501061368733644,0.000950003566686064,2.4737606048583984,0.11611998081207275,0.11611998081207275,9.791850885676467e-08,9.791850885676467e-08
96,0.001,0.05,0.05,2.137117385864258,2.0212247371673584,0.002348862588405609,0.000949519919231534,2.4737110137939453,0.11589273810386658,0.11589273810386658,9.72875824345465e-08,9.72875824345465e-08
97,0.001,0.05,0.05,2.136762857437134,2.0211572647094727,0.0023451175075024366,0.0009479742147959769,2.4737937450408936,0.11560553312301636,0.11560553312301636,9.643565590522485e-08,9.643565590522485e-08
98,0.001,0.05,0.05,2.1363699436187744,2.0208163261413574,0.0023388518020510674,0.0009452820522710681,2.474210739135742,0.11555365473031998,0.11555365473031998,9.614677765057422e-08,9.614677765057422e-08
99,0.001,0.05,0.05,2.1362736225128174,2.020651340484619,0.0023314363788813353,0.0009422081056982279,2.474412679672241,0.11562218517065048,0.11562218517065048,9.6237478430794e-08,9.6237478430794e-08
100,0.001,0.05,0.05,2.136212110519409,2.0207061767578125,0.0023255404084920883,0.0009398508118465543,2.4743454456329346,0.11550584435462952,0.11550584435462952,9.614227991505686e-08,9.614227991505686e-08
101,0.001,0.05,0.05,2.1361827850341797,2.020838737487793,0.0023221594747155905,0.0009385459707118571,2.4741833209991455,0.11534396559000015,0.11534396559000015,9.611294160549733e-08,9.611294160549733e-08
102,0.001,0.05,0.05,2.1361100673675537,2.021113395690918,0.002321986248716712,0.0009386035962961614,2.473846673965454,0.11499673128128052,0.11499673128128052,9.582048221545847e-08,9.582048221545847e-08
103,0.001,0.05,0.05,2.1360585689544678,2.02166748046875,0.0023241848684847355,0.0009397498797625303,2.4731688499450684,0.11439104378223419,0.11439104378223419,9.509138010344031e-08,9.509138010344031e-08
104,0.001,0.05,0.05,2.1360273361206055,2.0220236778259277,0.0023273956030607224,0.0009412139188498259,2.4727330207824707,0.11400361359119415,0.11400361359119415,9.50061149751491e-08,9.50061149751491e-08
105,0.001,0.05,0.05,2.1360530853271484,2.0221989154815674,0.002330068964511156,0.0009423766168765724,2.4725191593170166,0.11385425180196762,0.11385425180196762,9.548911350520939e-08,9.548911350520939e-08
106,0.001,0.05,0.05,2.1360275745391846,2.0224294662475586,0.002331554191187024,0.0009430848876945674,2.4722371101379395,0.11359803378582001,0.11359803378582001,9.560669411712297e-08,9.560669411712297e-08
107,0.001,0.05,0.05,2.1360385417938232,2.022397041320801,0.0023306580260396004,0.0009427071781829,2.4722769260406494,0.1136414110660553,0.1136414110660553,9.617413354590099e-08,9.617413354590099e-08
108,0.001,0.05,0.05,2.1361002922058105,2.022315502166748,0.0023281907197088003,0.0009416713146492839,2.4723763465881348,0.11378490924835205,0.11378490924835205,9.669162182035507e-08,9.669162182035507e-08
109,0.001,0.05,0.05,2.1360530853271484,2.0224480628967285,0.0023267720825970173,0.0009411591454409063,2.472214460372925,0.11360495537519455,0.11360495537519455,9.620102048302215e-08,9.620102048302215e-08
110,0.001,0.05,0.05,2.136013984680176,2.0224575996398926,0.0023257441353052855,0.0009407477919012308,2.472202777862549,0.11355635523796082,0.11355635523796082,9.579951409932619e-08,9.579951409932619e-08
111,0.001,0.05,0.05,2.1360256671905518,2.022463083267212,0.002325666369870305,0.0009407189209014177,2.472196102142334,0.11356250196695328,0.11356250196695328,9.541998480244729e-08,9.541998480244729e-08
112,0.001,0.05,0.05,2.136033296585083,2.0225942134857178,0.0023266980424523354,0.0009411972714588046,2.4720356464385986,0.11343900859355927,0.11343900859355927,9.47233331771713e-08,9.47233331771713e-08
113,0.001,0.05,0.05,2.1359775066375732,2.022442579269409,0.0023272328544408083,0.0009413430234417319,2.4722211360931396,0.1135348230600357,0.1135348230600357,9.448258708744106e-08,9.448258708744106e-08
114,0.001,0.05,0.05,2.1359879970550537,2.0223026275634766,0.002327165799215436,0.000941250822506845,2.4723920822143555,0.11368539929389954,0.11368539929389954,9.441492920814198e-08,9.441492920814198e-08
115,0.001,0.05,0.05,2.1359546184539795,2.0222761631011963,0.0023276880383491516,0.0009414496016688645,2.4724247455596924,0.1136784553527832,0.1136784553527832,9.409340151478318e-08,9.409340151478318e-08
116,0.001,0.05,0.05,2.135892629623413,2.022099494934082,0.002328192349523306,0.0009415713720954955,2.4726405143737793,0.1137930303812027,0.1137930303812027,9.405358980529854e-08,9.405358980529854e-08
117,0.001,0.05,0.05,2.1358747482299805,2.022185802459717,0.0023297013249248266,0.0009422218427062035,2.4725351333618164,0.1136888861656189,0.1136888861656189,9.349234630917636e-08,9.349234630917636e-08
118,0.001,0.05,0.05,2.135883331298828,2.0224146842956543,0.002331813331693411,0.000943182734772563,2.4722554683685303,0.11346875131130219,0.11346875131130219,9.266557299270062e-08,9.266557299270062e-08
119,0.001,0.05,0.05,2.135869264602661,2.0223562717437744,0.0023328186944127083,0.000943562132306397,2.4723267555236816,0.11351289600133896,0.11351289600133896,9.244010357178922e-08,9.244010357178922e-08
120,0.001,0.05,0.05,2.135831356048584,2.0223584175109863,0.0023336501326411963,0.0009438994457013905,2.4723241329193115,0.11347305774688721,0.11347305774688721,9.20971956475114e-08,9.20971956475114e-08
121,0.001,0.05,0.05,2.135836601257324,2.0222835540771484,0.0023333407007157803,0.0009437394328415394,2.4724154472351074,0.11355298012495041,0.11355298012495041,9.212625684540399e-08,9.212625684540399e-08
122,0.001,0.05,0.05,2.1358327865600586,2.021918296813965,0.0023312969133257866,0.0009427424520254135,2.4728622436523438,0.11391456425189972,0.11391456425189972,9.291233027397539e-08,9.291233027397539e-08
123,0.001,0.05,0.05,2.1358096599578857,2.0217599868774414,0.002329840324819088,0.0009420796413905919,2.473055839538574,0.11404956132173538,0.11404956132173538,9.331367323284212e-08,9.331367323284212e-08
124,0.001,0.05,0.05,2.1357858180999756,2.0215904712677,0.002329004229977727,0.0009416625835001469,2.4732632637023926,0.114195317029953,0.114195317029953,9.379985499435861e-08,9.379985499435861e-08
125,0.001,0.05,0.05,2.1357908248901367,2.0215141773223877,0.002329091774299741,0.000941662467084825,2.4733564853668213,0.1142767146229744,0.1142767146229744,9.421443536439256e-08,9.421443536439256e-08
126,0.001,0.05,0.05,2.1357929706573486,2.0215823650360107,0.0023299751337617636,0.0009420514106750488,2.4732730388641357,0.11421063542366028,0.11421063542366028,9.42397662129224e-08,9.42397662129224e-08
127,0.001,0.05,0.05,2.1357696056365967,2.0215299129486084,0.0023304657079279423,0.0009422252769581974,2.473337411880493,0.11423978209495544,0.11423978209495544,9.434792502815981e-08,9.434792502815981e-08
128,0.001,0.05,0.05,2.135781764984131,2.0214855670928955,0.0023305637296289206,0.0009422442526556551,2.473391532897949,0.11429616808891296,0.11429616808891296,9.444089954513402e-08,9.444089954513402e-08
129,0.001,0.05,0.05,2.1357815265655518,2.0214767456054688,0.0023305530194193125,0.0009422357543371618,2.473402500152588,0.11430472880601883,0.11430472880601883,9.44786080481208e-08,9.44786080481208e-08
130,0.001,0.05,0.05,2.1357686519622803,2.0213398933410645,0.002330196788534522,0.0009420279529877007,2.473569869995117,0.11442871391773224,0.11442871391773224,9.480210394485766e-08,9.480210394485766e-08
131,0.001,0.05,0.05,2.135774850845337,2.021291732788086,0.0023297439329326153,0.0009418225381523371,2.473628520965576,0.11448317766189575,0.11448317766189575,9.499754582975584e-08,9.499754582975584e-08
132,0.001,0.05,0.05,2.1357789039611816,2.0213093757629395,0.0023293443955481052,0.000941669219173491,2.473607063293457,0.11446961760520935,0.11446961760520935,9.506436526862672e-08,9.506436526862672e-08
133,0.001,0.05,0.05,2.135770082473755,2.0211708545684814,0.002328634960576892,0.0009413178777322173,2.4737765789031982,0.11459921300411224,0.11459921300411224,9.544083923174185e-08,9.544083923174185e-08
134,0.001,0.05,0.05,2.1357522010803223,2.021113395690918,0.0023280014283955097,0.0009410350467078388,2.473846912384033,0.11463883519172668,0.11463883519172668,9.556588054238091e-08,9.556588054238091e-08
135,0.001,0.05,0.05,2.13576340675354,2.021059989929199,0.002327153692021966,0.0009406675235368311,2.473912239074707,0.11470330506563187,0.11470330506563187,9.567168746116295e-08,9.567168746116295e-08
136,0.001,0.05,0.05,2.1357600688934326,2.0208373069763184,0.0023259513545781374,0.0009400779381394386,2.47418475151062,0.11492286622524261,0.11492286622524261,9.608072559785796e-08,9.608072559785796e-08
137,0.001,0.05,0.05,2.135748863220215,2.020747661590576,0.002325203036889434,0.0009397337562404573,2.474294662475586,0.11500115692615509,0.11500115692615509,9.61602211191348e-08,9.61602211191348e-08
138,0.001,0.05,0.05,2.135744094848633,2.0206470489501953,0.002324820961803198,0.0009395325323566794,2.4744179248809814,0.11509694904088974,0.11509694904088974,9.632445596707839e-08,9.632445596707839e-08
139,0.001,0.05,0.05,2.135746955871582,2.020566940307617,0.002324817469343543,0.0009394939988851547,2.474515676498413,0.11517990380525589,0.11517990380525589,9.656562127702273e-08,9.656562127702273e-08
140,0.001,0.05,0.05,2.135749101638794,2.0206141471862793,0.002325086621567607,0.0009396246168762445,2.4744582176208496,0.11513485014438629,0.11513485014438629,9.654696242478167e-08,9.654696242478167e-08
141,0.001,0.05,0.05,2.135744571685791,2.0205750465393066,0.00232493644580245,0.0009395456872880459,2.474506139755249,0.11516949534416199,0.11516949534416199,9.664300648637436e-08,9.664300648637436e-08
142,0.001,0.05,0.05,2.135740041732788,2.020587682723999,0.002324933186173439,0.000939550343900919,2.4744904041290283,0.11515236645936966,0.11515236645936966,9.6628454571146e-08,9.6628454571146e-08
143,0.001,0.05,0.05,2.135745048522949,2.020606756210327,0.0023249348159879446,0.0009395598317496479,2.4744672775268555,0.11513838171958923,0.11513838171958923,9.660467981120746e-08,9.660467981120746e-08
144,0.001,0.05,0.05,2.1357479095458984,2.020576000213623,0.0023247539065778255,0.0009394724620506167,2.4745047092437744,0.11517185717821121,0.11517185717821121,9.66583684203215e-08,9.66583684203215e-08
145,0.001,0.05,0.05,2.1357409954071045,2.020638942718506,0.0023247457575052977,0.0009394984226673841,2.4744277000427246,0.11510194838047028,0.11510194838047028,9.648405097095747e-08,9.648405097095747e-08
146,0.001,0.05,0.05,2.1357386112213135,2.020667791366577,0.0023246139753609896,0.0009394585504196584,2.4743924140930176,0.11507092416286469,0.11507092416286469,9.64186384067034e-08,9.64186384067034e-08
147,0.001,0.05,0.05,2.1357409954071045,2.020720958709717,0.0023246584460139275,0.000939501216635108,2.474327564239502,0.11501999199390411,0.11501999199390411,9.635533615437453e-08,9.635533615437453e-08
148,0.001,0.05,0.05,2.135744571685791,2.020836114883423,0.0023250216618180275,0.0009397016256116331,2.474186420440674,0.11490851640701294,0.11490851640701294,9.61639585739249e-08,9.61639585739249e-08
149,0.001,0.05,0.05,2.135739803314209,2.0208237171173096,0.0023250856902450323,0.0009397216490469873,2.4742016792297363,0.11491620540618896,0.11491620540618896,9.620801932896939e-08,9.620801932896939e-08
150,0.001,0.05,0.05,2.135735511779785,2.0208687782287598,0.0023253741674125195,0.0009398591937497258,2.474146604537964,0.11486680060625076,0.11486680060625076,9.608761786239484e-08,9.608761786239484e-08
151,0.001,0.05,0.05,2.135737895965576,2.020918846130371,0.0023256971035152674,0.0009400130365975201,2.4740850925445557,0.11481902748346329,0.11481902748346329,9.593497907189885e-08,9.593497907189885e-08
152,0.001,0.05,0.05,2.1357383728027344,2.0209174156188965,0.0023258815053850412,0.0009400870185345411,2.4740867614746094,0.11482088267803192,0.11482088267803192,9.589351890326725e-08,9.589351890326725e-08
153,0.001,0.05,0.05,2.135737180709839,2.0209858417510986,0.0023261846508830786,0.0009402412688359618,2.4740030765533447,0.11475130915641785,0.11475130915641785,9.570264580816001e-08,9.570264580816001e-08
154,0.001,0.05,0.05,2.135735273361206,2.0209972858428955,0.0023262640461325645,0.0009402786963619292,2.473989248275757,0.11473799496889114,0.11473799496889114,9.568691439199029e-08,9.568691439199029e-08
155,0.001,0.05,0.05,2.1357336044311523,2.0209898948669434,0.0023263946641236544,0.0009403281146660447,2.4739980697631836,0.11474373936653137,0.11474373936653137,9.575744286394183e-08,9.575744286394183e-08
156,0.001,0.05,0.05,2.135734796524048,2.020998477935791,0.0023266784846782684,0.0009404468000866473,2.473987579345703,0.11473631858825684,0.11473631858825684,9.580861615177128e-08,9.580861615177128e-08
157,0.001,0.05,0.05,2.135735511779785,2.0209546089172363,0.0023267786018550396,0.0009404667653143406,2.47404146194458,0.11478083580732346,0.11478083580732346,9.593325245305095e-08,9.593325245305095e-08
158,0.001,0.05,0.05,2.1357321739196777,2.0209648609161377,0.0023270025849342346,0.0009405621094629169,2.4740288257598877,0.11476742476224899,0.11476742476224899,9.587586902171097e-08,9.587586902171097e-08
159,0.001,0.05,0.05,2.1357316970825195,2.0209662914276123,0.002327142981812358,0.0009406195604242384,2.474026918411255,0.114765465259552,0.114765465259552,9.582664262097751e-08,9.582664262097751e-08
160,0.001,0.05,0.05,2.135733127593994,2.0209946632385254,0.002327338792383671,0.0009407119359821081,2.473992347717285,0.1147383600473404,0.1147383600473404,9.570844383688382e-08,9.570844383688382e-08
161,0.001,0.05,0.05,2.135732889175415,2.021040678024292,0.002327619818970561,0.0009408468613401055,2.473936080932617,0.11469213664531708,0.11469213664531708,9.559114744206454e-08,9.559114744206454e-08
162,0.001,0.05,0.05,2.1357340812683105,2.021031618118286,0.002327690599486232,0.0009408713085576892,2.473947048187256,0.11470234394073486,0.11470234394073486,9.561266267610335e-08,9.561266267610335e-08
163,0.001,0.05,0.05,2.1357340812683105,2.0210797786712646,0.002327818889170885,0.0009409455815330148,2.4738881587982178,0.11465433239936829,0.11465433239936829,9.552621804687078e-08,9.552621804687078e-08
164,0.001,0.05,0.05,2.1357316970825195,2.0210628509521484,0.002327847760170698,0.0009409494232386351,2.4739086627960205,0.11466890573501587,0.11466890573501587,9.558745261983859e-08,9.558745261983859e-08
165,0.001,0.05,0.05,2.1357319355010986,2.021085500717163,0.0023280237801373005,0.0009410310885868967,2.4738810062408447,0.11464636027812958,0.11464636027812958,9.554112523346703e-08,9.554112523346703e-08
166,0.001,0.05,0.05,2.1357319355010986,2.0211269855499268,0.002328253351151943,0.000941143196541816,2.473830223083496,0.11460483819246292,0.11460483819246292,9.539316181417234e-08,9.539316181417234e-08
167,0.001,0.05,0.05,2.135732650756836,2.0211381912231445,0.0023284133058041334,0.0009412130457349122,2.4738166332244873,0.11459437012672424,0.11459437012672424,9.53207219822616e-08,9.53207219822616e-08
168,0.001,0.05,0.05,2.1357345581054688,2.021181106567383,0.002328474773094058,0.0009412578656338155,2.473764181137085,0.11455350369215012,0.11455350369215012,9.519780519440246e-08,9.519780519440246e-08
169,0.001,0.05,0.05,2.135735034942627,2.0211682319641113,0.0023282940965145826,0.000941178819630295,2.4737799167633057,0.11456670612096786,0.11456670612096786,9.522475608036984e-08,9.522475608036984e-08
